{"mae": 0.0031161785746614138, "r2": 0.9850130558013916}